user_id	n_nonlucid	n_lucid
AED9	570	145
AD89	536	114
E4A9	531	5
FA1D	426	11
B19C	369	43
E4C0	342	18
D721	332	5
CD36	272	14
DF20	267	76
F8BC	266	115
E13C	245	3
BD40	244	31
DF12	242	3
A845	239	6
EB86	227	56
FC6B	218	13
D55A	202	6
F7F9	182	29
D49F	175	10
AF06	175	0
A081	174	17
FB0F	168	11
B3F5	160	22
B75A	159	0
D303	154	8
B192	153	2
A71F	152	22
D4C0	151	1
CD8C	150	14
BE5E	143	23
B6C5	138	7
EBED	133	23
B447	131	16
FA5A	123	84
AFA1	120	65
D612	118	60
A2F9	117	13
AB52	114	25
ABE5	113	9
E4E9	111	23
DC14	107	2
E697	105	10
D649	103	24
AB2F	103	15
D07C	102	74
E5E7	102	17
CF53	99	29
F228	98	8
A1FD	94	6
F4DF	93	193
A00A	93	4
B3A1	91	3
EF1F	89	10
A31B	86	11
A11A	84	10
FF9B	84	3
C76A	84	2
B16C	82	87
E671	81	1
C1D2	80	6
BEB6	79	9
FF3A	78	6
CCD0	77	15
DB42	76	4
B2DD	75	6
AAD6	72	15
D746	72	2
B4CA	71	5
FAD2	70	26
F642	70	2
ADD6	69	15
C96E	69	1
CC02	69	0
A85A	67	3
E57E	66	119
EB6C	66	24
E569	66	12
F1FE	66	4
C661	65	35
E594	65	3
ADC9	64	0
A9E5	63	125
FA9E	63	16
D098	63	2
D8AC	63	1
C0AA	62	407
BF80	62	84
CC29	61	10
B99D	61	8
D98D	60	6
BAE2	59	11
FB97	59	4
D2F1	57	39
E7E4	57	11
E149	57	2
B412	56	5
ADD9	55	84
F660	55	9
BABA	55	0
EB03	54	54
F958	54	45
E837	54	14
B667	54	3
AACA	53	7
F264	52	10
B332	52	7
CD0A	52	4
E4D7	51	27
C632	51	9
C043	51	7
BA57	51	4
B1DC	50	21
FAD1	50	4
E832	50	3
ABBD	49	9
B69D	49	0
D194	49	0
F3EE	49	0
F789	48	17
F523	48	11
A4A0	47	4
A6C7	46	43
A36F	46	30
E820	46	3
AE9D	45	53
E96A	45	14
A425	45	8
F78C	45	1
F59B	44	1
E628	43	30
E986	42	14
A65D	42	10
D124	42	4
C7E5	42	2
F6AA	42	2
FD6B	41	24
A2D5	41	18
D996	41	16
BD0D	41	5
D6B3	41	3
BD17	41	2
D408	41	1
DA9E	41	1
EAD7	41	1
FE06	40	12
B0A2	40	11
AC34	40	9
B432	40	6
D113	40	1
C215	40	0
F309	40	0
C44A	39	26
B5E4	39	23
E233	39	8
CC1A	39	6
B39E	39	1
A07D	38	23
FD81	38	13
F6A2	38	8
D0C0	37	24
E998	37	17
EE88	37	12
E7D0	37	8
CDF1	37	6
C23A	36	11
D3CD	36	6
BDBF	36	5
D990	36	5
A67B	35	12
D92E	35	10
EFF0	35	1
F516	35	0
E0FD	34	22
FEF5	34	10
A275	34	5
F3C0	34	2
AA61	33	65
F791	33	26
BA49	33	8
A966	33	5
AFFF	33	0
CF24	32	21
EA72	32	10
E1E7	32	1
DEC8	32	0
E263	32	0
B041	31	20
C802	31	6
A895	31	3
E92C	31	1
BCF1	30	2
FE6C	30	0
B89F	29	15
DE67	29	10
B646	29	3
E6A7	29	2
A233	29	1
F673	29	1
F954	29	1
FB7B	29	1
A476	29	0
D8B7	29	0
D986	29	0
A214	28	50
DC7C	28	3
D166	28	0
D972	28	0
B304	27	6
FE78	27	4
B5BE	27	2
F403	27	2
AC0F	27	0
BE48	27	0
FBD6	26	27
EC15	26	20
BB7C	26	6
ABC6	26	5
B184	26	4
DA3E	26	3
EA9D	26	1
D9B2	26	0
D696	25	7
D84E	25	5
B7F5	25	4
CF48	25	4
ADA0	25	3
EB8C	25	3
D31E	25	1
AFF0	25	0
F0A1	25	0
BAB7	24	5
C789	24	1
AD1B	24	0
EBA2	24	0
EC21	24	0
FF61	23	12
D9B3	23	9
E599	23	9
C621	23	4
FB55	23	3
A7EE	23	1
AB88	23	1
F45D	23	1
CFD2	23	0
D613	23	0
B7DC	22	16
F952	22	14
F5D4	22	13
FC78	22	9
CBD0	22	7
DE44	22	6
A78E	22	2
C5EB	22	2
AFAF	22	0
B0D5	22	0
B3A0	22	0
E3E4	22	0
BBFC	21	21
BBAE	21	12
DEA5	21	12
D197	21	4
AB4C	21	3
AF18	21	3
C354	21	0
AC3A	20	50
CEF4	20	18
CDE7	20	12
CF02	20	11
E28A	20	10
A170	20	3
A8FA	20	3
C758	20	3
E142	20	3
C58A	20	2
C9E5	20	2
A0CB	20	1
D5E6	20	0
A2A7	19	4
FA76	19	4
CE2D	19	3
FEED	19	3
A74E	19	2
B2DC	19	2
B5C8	19	1
BE08	19	1
F503	19	1
D3BC	18	13
D936	18	6
E5AD	18	6
E3D7	18	5
C158	18	4
B662	18	3
B93B	18	3
D152	18	3
EE05	18	2
AE4B	18	1
DB7D	18	1
B79F	18	0
BFDB	18	0
CBCB	18	0
D461	18	0
FBA9	18	0
B60F	17	30
AFE8	17	11
FD9C	17	6
F8F1	17	5
DCD9	17	4
E1B8	17	3
B08A	17	2
C0C5	17	2
ECA2	17	2
D059	17	1
B7F4	17	0
C2E7	17	0
CA00	17	0
D83A	17	0
E007	17	0
E108	17	0
E3CC	17	0
E7B8	17	0
FC30	17	0
ED3F	16	9
E297	16	5
A854	16	4
A453	16	3
B371	16	3
CAC4	16	2
D4C8	16	2
E1E5	16	2
E763	16	2
CBFB	16	1
DD32	16	1
E87C	16	1
EDEC	16	1
FC52	16	1
A6D0	16	0
A9B2	16	0
F297	16	0
E999	15	21
F6B4	15	9
B52F	15	8
E363	15	8
DD81	15	7
C764	15	6
ADFA	15	4
E58D	15	3
FD25	15	3
B295	15	2
F34D	15	2
A3CF	15	1
D03E	15	1
D89C	15	1
D9BB	15	1
DD6E	15	1
F522	15	1
ADE2	15	0
AF6D	15	0
C1B0	15	0
EDB2	15	0
EEF9	14	40
A95B	14	32
A4CE	14	7
EA92	14	7
CC9D	14	6
C5E4	14	3
F49D	14	3
C71A	14	2
DCA2	14	2
E2C1	14	2
FDC3	14	2
A53E	14	1
AAF3	14	1
BC3A	14	1
E194	14	1
F511	14	1
FFF3	14	1
B1E2	14	0
B3BB	14	0
BE02	14	0
C0CE	14	0
CBC4	14	0
D3A5	14	0
DD16	14	0
FA9D	14	0
FE65	13	18
F5FD	13	9
A48D	13	8
CD8A	13	7
C917	13	5
A1D2	13	4
C3AE	13	4
EBC1	13	4
F385	13	4
B730	13	3
E5FF	13	3
F9CA	13	3
B02B	13	2
CCCF	13	2
CD60	13	2
DCCD	13	2
B8F6	13	1
BEDF	13	1
A23F	13	0
B9AA	13	0
E774	13	0
F4A8	13	0
B0F7	12	8
FA37	12	6
A31E	12	5
E991	12	4
C602	12	3
CA37	12	3
D429	12	3
D797	12	3
DB44	12	3
A3C3	12	2
ACD1	12	2
B1BD	12	2
CC5A	12	2
FA07	12	2
CF1B	12	1
DC20	12	1
EAA4	12	1
FA9F	12	1
FF81	12	1
AD58	12	0
B052	12	0
C7F9	12	0
CA47	12	0
E168	12	0
FAE7	12	0
A898	11	71
C20B	11	21
E8A0	11	21
C011	11	19
CC45	11	6
E7B5	11	6
D763	11	5
C3D4	11	4
C741	11	4
E2D8	11	4
A38E	11	2
A47E	11	2
A4B4	11	2
AB9A	11	2
B2E4	11	2
C2B3	11	2
C9BA	11	2
CDCC	11	2
E67F	11	2
A37A	11	1
A7D4	11	1
B20A	11	1
C6F6	11	1
E21A	11	1
A42A	11	0
A555	11	0
A9C8	11	0
AD44	11	0
B123	11	0
B294	11	0
BD74	11	0
BDFC	11	0
C50D	11	0
C7ED	11	0
C982	11	0
CAAD	11	0
D02A	11	0
EE73	11	0
F6BD	11	0
FB8D	11	0
EED9	10	6
C878	10	5
DAAE	10	4
E4B9	10	4
A93B	10	3
AA5A	10	3
ABF2	10	3
AF3A	10	3
CB4C	10	3
F033	10	3
A02B	10	2
B505	10	2
E422	10	2
FD09	10	2
FF52	10	2
AA16	10	1
AC6D	10	1
B997	10	1
BACD	10	1
C330	10	1
C9A1	10	1
D390	10	1
EF2C	10	1
ABDE	10	0
B35D	10	0
B8CF	10	0
C4B1	10	0
CF12	10	0
D1D3	10	0
DB25	10	0
DC17	10	0
E09B	10	0
EDF4	10	0
FB2C	10	0
FE03	10	0
D523	9	66
DFFA	9	31
AC44	9	29
A517	9	19
C1DA	9	17
E0B1	9	11
B8EF	9	10
D91C	9	9
E824	9	7
A51B	9	6
B746	9	6
C1D5	9	6
CF44	9	6
DC1F	9	6
E1D9	9	6
F8EF	9	6
EC99	9	5
D28A	9	4
D625	9	4
DC95	9	4
C80A	9	3
D284	9	3
DF01	9	3
A4B5	9	2
B0C4	9	2
CE32	9	2
DC12	9	2
E235	9	2
EF70	9	2
F17B	9	2
AC7E	9	1
CC77	9	1
D3A3	9	1
EC6A	9	1
EFEE	9	1
A51A	9	0
A6FA	9	0
A866	9	0
ACE6	9	0
B334	9	0
B530	9	0
C76E	9	0
CFB8	9	0
D16F	9	0
D1FD	9	0
D79C	9	0
D9A7	9	0
DCF5	9	0
E5BD	9	0
EC30	9	0
EEDD	9	0
F125	9	0
F29E	9	0
F82E	9	0
F835	9	0
FE09	9	0
F484	8	24
E554	8	21
A9B6	8	8
F2F1	8	6
A8C9	8	5
DDE2	8	5
E7FD	8	5
A62B	8	4
C2E2	8	4
DF8B	8	4
B8C3	8	3
BD83	8	3
C931	8	3
D2DD	8	3
D6AF	8	3
EAF3	8	3
F082	8	3
A029	8	2
ADAE	8	2
B32C	8	2
BF88	8	2
FA20	8	2
A924	8	1
B90B	8	1
BAC2	8	1
C030	8	1
C9F5	8	1
CFA9	8	1
D63C	8	1
E21B	8	1
F4C6	8	1
F5BB	8	1
A1EF	8	0
A636	8	0
A798	8	0
AB6C	8	0
B049	8	0
B070	8	0
B165	8	0
B244	8	0
B37E	8	0
C0FA	8	0
C1AD	8	0
C683	8	0
C69B	8	0
C76C	8	0
CF28	8	0
D19F	8	0
D7B3	8	0
DD34	8	0
E071	8	0
E0E3	8	0
E15D	8	0
ED87	8	0
F23A	8	0
F64F	8	0
F979	8	0
FED4	8	0
FF47	8	0
AB66	7	107
C0D0	7	13
C5FA	7	9
E576	7	9
A4E6	7	7
C94E	7	7
DB8B	7	7
A998	7	6
CBA2	7	6
B77B	7	5
E8B7	7	3
FCCE	7	3
C9E2	7	2
CC4A	7	2
DA3C	7	2
E419	7	2
EF2A	7	2
FF98	7	2
A461	7	1
AB1D	7	1
ACDB	7	1
AD4B	7	1
AF67	7	1
B1CC	7	1
B6B0	7	1
C4CE	7	1
D4BE	7	1
D611	7	1
DC62	7	1
E26D	7	1
E371	7	1
E655	7	1
EBA6	7	1
EC7D	7	1
EF95	7	1
F03B	7	1
F404	7	1
F62F	7	1
F738	7	1
FAA0	7	1
FE14	7	1
A695	7	0
B245	7	0
B71D	7	0
B806	7	0
BCC2	7	0
BD3A	7	0
BD51	7	0
BFD2	7	0
C055	7	0
C4FC	7	0
C61E	7	0
C93A	7	0
CBFC	7	0
DADC	7	0
EB4E	7	0
EF28	7	0
FC82	7	0
FD53	7	0
D9C3	6	34
D622	6	10
EB5F	6	8
F051	6	8
FDFA	6	8
A362	6	7
D9C5	6	7
E627	6	7
A41F	6	6
F272	6	6
F113	6	4
B001	6	3
C168	6	3
E2BD	6	3
E55A	6	3
EBC5	6	3
F96F	6	3
A0B8	6	2
A386	6	2
AE5D	6	2
B488	6	2
BD6D	6	2
CA82	6	2
CCA2	6	2
D020	6	2
F61E	6	2
AF57	6	1
B212	6	1
B3AC	6	1
B3D6	6	1
BA79	6	1
BCEF	6	1
C0F8	6	1
C4AE	6	1
C6D3	6	1
CB20	6	1
CB38	6	1
DD69	6	1
DD6D	6	1
E06B	6	1
E587	6	1
E934	6	1
F91B	6	1
FA70	6	1
FB84	6	1
FC98	6	1
FD4D	6	1
A448	6	0
A45A	6	0
A8CF	6	0
AABA	6	0
AB0C	6	0
AD60	6	0
AD81	6	0
B206	6	0
B613	6	0
B864	6	0
B959	6	0
BA27	6	0
BA6B	6	0
BBB9	6	0
BBFD	6	0
C01F	6	0
C06D	6	0
C2F6	6	0
C6F2	6	0
CA6E	6	0
CBDF	6	0
CC32	6	0
CCD5	6	0
D599	6	0
D642	6	0
D70B	6	0
DA34	6	0
DAD7	6	0
DE9A	6	0
DEA9	6	0
E242	6	0
E440	6	0
E7DF	6	0
E84D	6	0
E860	6	0
E8F0	6	0
EAA6	6	0
EF8D	6	0
F1E8	6	0
F5B6	6	0
F6D3	6	0
F772	6	0
F89D	6	0
FB34	6	0
FBB4	6	0
A0B4	5	29
AC62	5	26
FF75	5	23
A6C2	5	15
B856	5	13
FC7F	5	10
B7E1	5	9
E069	5	9
AEEE	5	8
E0C2	5	7
AEEC	5	6
C169	5	6
A083	5	5
EC0D	5	5
BF7A	5	4
CFF1	5	4
D8FA	5	4
E262	5	4
EA13	5	3
F2C2	5	3
F84B	5	3
FBFE	5	3
A9F5	5	2
AE8D	5	2
B46B	5	2
C591	5	2
C6C0	5	2
C9E9	5	2
CF67	5	2
D03D	5	2
D045	5	2
D36D	5	2
D689	5	2
ED7F	5	2
A2BB	5	1
A65C	5	1
AA25	5	1
AA85	5	1
AB83	5	1
AB87	5	1
AD3D	5	1
AE2F	5	1
AFEE	5	1
B0E4	5	1
B6BD	5	1
BA24	5	1
BD21	5	1
C06F	5	1
C0A5	5	1
C8D9	5	1
C988	5	1
D62E	5	1
D7E1	5	1
D9FE	5	1
DF5A	5	1
EC7E	5	1
EF05	5	1
F118	5	1
F41A	5	1
FA47	5	1
FBEE	5	1
A5F0	5	0
A648	5	0
AD6E	5	0
B05D	5	0
B0A5	5	0
B18C	5	0
B23B	5	0
B594	5	0
BC35	5	0
BD5D	5	0
BD6E	5	0
C046	5	0
C18E	5	0
C688	5	0
C88B	5	0
C8FF	5	0
C967	5	0
CE10	5	0
D1B0	5	0
D1BC	5	0
D29E	5	0
D2D5	5	0
D5DF	5	0
D62F	5	0
D695	5	0
D7D9	5	0
D845	5	0
DB89	5	0
DC39	5	0
DD67	5	0
DDB7	5	0
DE2E	5	0
DFD8	5	0
E503	5	0
E5E2	5	0
E8BD	5	0
E8EF	5	0
ED4F	5	0
F00D	5	0
F3FE	5	0
F6C5	5	0
FE98	5	0
A273	4	19
E5E4	4	18
F2E9	4	18
ECD1	4	12
CD02	4	9
A5C2	4	8
B00E	4	8
CAA5	4	8
C1E5	4	7
ED50	4	6
C75F	4	5
D060	4	5
D526	4	5
E5B5	4	5
DD70	4	4
E7B9	4	4
E9E1	4	4
F508	4	4
FEB6	4	4
BC27	4	3
BE37	4	3
C05A	4	3
C4A4	4	3
C7C8	4	3
D080	4	3
D256	4	3
D360	4	3
D75B	4	3
E94F	4	3
F52C	4	3
FC39	4	3
A193	4	2
A3A2	4	2
A599	4	2
AB26	4	2
AD65	4	2
B2F5	4	2
C7C7	4	2
D584	4	2
DE96	4	2
E220	4	2
ED27	4	2
FA35	4	2
FA98	4	2
A18E	4	1
A359	4	1
A38B	4	1
A4F5	4	1
A539	4	1
A7A9	4	1
AD79	4	1
B2C4	4	1
B381	4	1
C154	4	1
C72A	4	1
C72B	4	1
CB45	4	1
CD34	4	1
D37D	4	1
D44E	4	1
E119	4	1
E17A	4	1
E3C3	4	1
E5B3	4	1
EE60	4	1
F3AF	4	1
F9CD	4	1
FC34	4	1
A04B	4	0
A304	4	0
A320	4	0
A57A	4	0
AAB0	4	0
AE4A	4	0
B03A	4	0
B06B	4	0
B0E9	4	0
B3D8	4	0
B44E	4	0
B659	4	0
B851	4	0
BAFD	4	0
BBF0	4	0
BE39	4	0
C0D6	4	0
C0DB	4	0
C583	4	0
C6A4	4	0
C78D	4	0
C7D6	4	0
C7FD	4	0
CA32	4	0
CBFF	4	0
CC48	4	0
CCF2	4	0
CE0D	4	0
CE52	4	0
CEB9	4	0
CED4	4	0
D069	4	0
D07D	4	0
D0B6	4	0
D17E	4	0
D1A4	4	0
D1CC	4	0
D32B	4	0
D377	4	0
D4F5	4	0
D6C8	4	0
D6FA	4	0
D84C	4	0
DC8E	4	0
DCB0	4	0
DFDB	4	0
DFDE	4	0
E20A	4	0
E2E3	4	0
E329	4	0
E3B0	4	0
E424	4	0
E6D3	4	0
E960	4	0
E974	4	0
EC3A	4	0
EC5C	4	0
ED29	4	0
EF9F	4	0
F070	4	0
F178	4	0
F191	4	0
F1A7	4	0
F3EA	4	0
F910	4	0
FA74	4	0
FB6B	4	0
FEDA	4	0
FF12	4	0
DB4B	3	50
F700	3	31
FC95	3	9
B466	3	8
BF91	3	8
CB48	3	6
A2F8	3	5
B0D7	3	5
EABE	3	5
F89F	3	5
A3FE	3	4
A925	3	4
AB07	3	4
B32A	3	4
D70D	3	4
D804	3	4
F4D2	3	4
F55E	3	4
A463	3	3
A8C6	3	3
B1B9	3	3
D1EB	3	3
D407	3	3
DE7B	3	3
E1BB	3	3
E474	3	3
E539	3	3
F4CA	3	3
F4EB	3	3
F51F	3	3
F569	3	3
A433	3	2
A57B	3	2
A73F	3	2
A7F1	3	2
AD68	3	2
ADC4	3	2
B183	3	2
B631	3	2
B6A6	3	2
B6AF	3	2
BA7A	3	2
BDC9	3	2
C6ED	3	2
CB57	3	2
CC39	3	2
CF47	3	2
D4D5	3	2
D5BD	3	2
D5CD	3	2
ED43	3	2
EF50	3	2
EFF9	3	2
F238	3	2
F29A	3	2
A455	3	1
A965	3	1
ACF1	3	1
AE8B	3	1
AF6A	3	1
B0C0	3	1
BBF2	3	1
BC70	3	1
BF49	3	1
C153	3	1
C321	3	1
C664	3	1
C921	3	1
CAD8	3	1
CDBD	3	1
CFC8	3	1
D0AF	3	1
D1BB	3	1
D70C	3	1
D933	3	1
D9F5	3	1
DCD5	3	1
DD23	3	1
E374	3	1
E650	3	1
E746	3	1
E907	3	1
EC50	3	1
F1B9	3	1
FBEC	3	1
FC9E	3	1
FD7D	3	1
A06C	3	0
A086	3	0
A1BA	3	0
A259	3	0
A29D	3	0
A2B0	3	0
A328	3	0
A373	3	0
A5B3	3	0
A64C	3	0
A6D7	3	0
A73D	3	0
A746	3	0
A977	3	0
A97B	3	0
A9C3	3	0
AA1E	3	0
AB05	3	0
ABBF	3	0
ABC1	3	0
AC21	3	0
AD2F	3	0
AE45	3	0
AEBB	3	0
B028	3	0
B053	3	0
B166	3	0
B1FA	3	0
B3FC	3	0
B424	3	0
B5D7	3	0
B649	3	0
B6B9	3	0
B723	3	0
B8B9	3	0
BA4A	3	0
BB94	3	0
BC08	3	0
BD48	3	0
BD5A	3	0
BDD2	3	0
BE88	3	0
BEC6	3	0
C138	3	0
C1A5	3	0
C33D	3	0
C393	3	0
C3D5	3	0
C551	3	0
C811	3	0
C830	3	0
C8B9	3	0
C8C0	3	0
C98B	3	0
CA7F	3	0
CC66	3	0
CC6E	3	0
CCFB	3	0
CD84	3	0
CDA7	3	0
CDD2	3	0
CDD5	3	0
CE27	3	0
CEA1	3	0
CEA8	3	0
CF58	3	0
CFF5	3	0
D016	3	0
D06B	3	0
D0DA	3	0
D11B	3	0
D218	3	0
D2C9	3	0
D535	3	0
D562	3	0
D571	3	0
D576	3	0
D715	3	0
D863	3	0
DBCF	3	0
DBEA	3	0
DC42	3	0
DEE8	3	0
DF5F	3	0
E144	3	0
E174	3	0
E248	3	0
E284	3	0
E2B1	3	0
E2DF	3	0
E321	3	0
E383	3	0
E423	3	0
E4F9	3	0
E588	3	0
E5CA	3	0
E65C	3	0
E705	3	0
E71F	3	0
E7A9	3	0
E7B7	3	0
E81B	3	0
E876	3	0
E8BE	3	0
E979	3	0
EA06	3	0
EAC2	3	0
EACB	3	0
ECFE	3	0
ED2C	3	0
EE55	3	0
EE8F	3	0
EE9F	3	0
EEF3	3	0
EEF6	3	0
EF20	3	0
EFFA	3	0
F03D	3	0
F0A4	3	0
F0C7	3	0
F1CC	3	0
F224	3	0
F392	3	0
F3D3	3	0
F3E0	3	0
F470	3	0
F47C	3	0
F5DB	3	0
F6A4	3	0
F6CE	3	0
F7CF	3	0
F841	3	0
F852	3	0
F8FB	3	0
F99F	3	0
FA6B	3	0
FAB6	3	0
FBCB	3	0
FC4B	3	0
FD1C	3	0
FD8B	3	0
FD8E	3	0
FE48	3	0
FEC4	3	0
FEC7	3	0
A733	2	117
B9CD	2	38
F066	2	18
A3DF	2	14
F0BF	2	14
D243	2	12
B7E7	2	10
B6E9	2	9
A778	2	8
CB22	2	8
C174	2	7
F1B1	2	7
DC4C	2	6
F2F7	2	6
A324	2	5
B34C	2	5
C479	2	5
EEAA	2	5
FEC8	2	5
A537	2	4
A621	2	4
B6A7	2	4
BF12	2	4
CC01	2	4
D191	2	4
D52D	2	4
D64F	2	4
D72C	2	4
D8E5	2	4
E326	2	4
E6B8	2	4
FFF0	2	4
A06E	2	3
A3B9	2	3
A76C	2	3
AFD6	2	3
B0A4	2	3
B633	2	3
BB1A	2	3
BDC6	2	3
C097	2	3
C5DD	2	3
CA11	2	3
D228	2	3
D27F	2	3
E8E7	2	3
A0F0	2	2
A1B2	2	2
A225	2	2
A4D3	2	2
A78B	2	2
A7B5	2	2
A890	2	2
AD28	2	2
ADBB	2	2
AEA2	2	2
B29F	2	2
B707	2	2
B78D	2	2
B878	2	2
BB24	2	2
BC5A	2	2
BFF3	2	2
C217	2	2
C93E	2	2
D937	2	2
E30C	2	2
E40B	2	2
E67E	2	2
E778	2	2
EF40	2	2
F339	2	2
F3AB	2	2
F621	2	2
F95B	2	2
A05E	2	1
A521	2	1
A527	2	1
A5DE	2	1
A8D8	2	1
AAF0	2	1
ACE9	2	1
ACFE	2	1
AD96	2	1
AE10	2	1
AF23	2	1
AF62	2	1
B113	2	1
B341	2	1
B43D	2	1
B480	2	1
B4E3	2	1
B62B	2	1
B828	2	1
B9E6	2	1
BA16	2	1
BE75	2	1
BF56	2	1
BF9B	2	1
BFEE	2	1
BFFE	2	1
C274	2	1
C2EC	2	1
C3B9	2	1
C525	2	1
C569	2	1
C5D8	2	1
C707	2	1
C7F5	2	1
C9B9	2	1
CC0F	2	1
CD1D	2	1
D075	2	1
D09C	2	1
D172	2	1
D3F5	2	1
D3FB	2	1
D52F	2	1
D54E	2	1
D5CB	2	1
D6F6	2	1
D82D	2	1
D831	2	1
DA02	2	1
DBE0	2	1
DD29	2	1
DDD9	2	1
DF9F	2	1
E02B	2	1
E063	2	1
E1BF	2	1
E20B	2	1
E301	2	1
E304	2	1
E459	2	1
E553	2	1
E8A1	2	1
E95D	2	1
E9F5	2	1
EA67	2	1
EA89	2	1
EE33	2	1
EF17	2	1
EF44	2	1
F196	2	1
F19F	2	1
F361	2	1
F374	2	1
F567	2	1
F77B	2	1
F7D2	2	1
F859	2	1
F868	2	1
F90E	2	1
FB6E	2	1
FC24	2	1
FD17	2	1
FDE6	2	1
FF3F	2	1
FFAE	2	1
FFEE	2	1
A031	2	0
A04D	2	0
A058	2	0
A082	2	0
A0C2	2	0
A153	2	0
A185	2	0
A1F2	2	0
A2B4	2	0
A2DC	2	0
A2DE	2	0
A32A	2	0
A3BE	2	0
A458	2	0
A478	2	0
A4C1	2	0
A4D7	2	0
A54D	2	0
A61B	2	0
A63E	2	0
A6CA	2	0
A707	2	0
A70E	2	0
A712	2	0
A72A	2	0
A762	2	0
A917	2	0
A92E	2	0
A9ED	2	0
AA09	2	0
AAC8	2	0
AACF	2	0
AAD4	2	0
AD2D	2	0
AD7D	2	0
ADE0	2	0
ADE8	2	0
AE72	2	0
AE89	2	0
AF6E	2	0
AF79	2	0
AFC0	2	0
B074	2	0
B07A	2	0
B2D4	2	0
B2DB	2	0
B37F	2	0
B3DC	2	0
B492	2	0
B511	2	0
B526	2	0
B578	2	0
B583	2	0
B5EC	2	0
B5F3	2	0
B645	2	0
B64F	2	0
B6D0	2	0
B720	2	0
B7F3	2	0
B823	2	0
B875	2	0
B87D	2	0
B8D4	2	0
B8F9	2	0
B971	2	0
B9BE	2	0
B9CE	2	0
B9D3	2	0
BA7E	2	0
BAB6	2	0
BAEE	2	0
BB72	2	0
BCB4	2	0
BCB5	2	0
BCD4	2	0
BD2C	2	0
BD42	2	0
BD67	2	0
BEA6	2	0
BF47	2	0
BF8B	2	0
BFF4	2	0
C053	2	0
C091	2	0
C12B	2	0
C17D	2	0
C18B	2	0
C1F0	2	0
C240	2	0
C245	2	0
C2CC	2	0
C4E4	2	0
C531	2	0
C542	2	0
C55F	2	0
C592	2	0
C5D9	2	0
C613	2	0
C65D	2	0
C6FC	2	0
C711	2	0
C73A	2	0
C756	2	0
C76F	2	0
C7B5	2	0
C7F0	2	0
C810	2	0
C855	2	0
C892	2	0
C8BB	2	0
C910	2	0
C92A	2	0
C9C1	2	0
CA62	2	0
CAC6	2	0
CB11	2	0
CB29	2	0
CB58	2	0
CBA4	2	0
CCE4	2	0
CD03	2	0
CE0C	2	0
CE2B	2	0
CE71	2	0
CF0A	2	0
CF8B	2	0
CF98	2	0
CFB0	2	0
D04A	2	0
D10E	2	0
D10F	2	0
D250	2	0
D3A1	2	0
D41D	2	0
D4B4	2	0
D50A	2	0
D60F	2	0
D691	2	0
D6AD	2	0
D756	2	0
D789	2	0
D7CE	2	0
D8C8	2	0
D8DA	2	0
D8ED	2	0
D941	2	0
D94E	2	0
DA58	2	0
DB1E	2	0
DB2D	2	0
DB76	2	0
DB77	2	0
DB78	2	0
DB7F	2	0
DC37	2	0
DC91	2	0
DCD1	2	0
DD1B	2	0
DD8B	2	0
DD8D	2	0
DDB3	2	0
DDC2	2	0
DDE6	2	0
DE13	2	0
DE25	2	0
DE66	2	0
DEE6	2	0
DF58	2	0
E0F2	2	0
E104	2	0
E118	2	0
E14D	2	0
E1DB	2	0
E22C	2	0
E283	2	0
E2C4	2	0
E415	2	0
E490	2	0
E550	2	0
E556	2	0
E55E	2	0
E5D8	2	0
E5DE	2	0
E5F5	2	0
E702	2	0
E70A	2	0
E714	2	0
E77D	2	0
E786	2	0
E7EB	2	0
E872	2	0
E8C2	2	0
E8F1	2	0
E945	2	0
E94B	2	0
E99D	2	0
EA71	2	0
EAF0	2	0
EAFD	2	0
EC97	2	0
ED26	2	0
EDB9	2	0
EDBC	2	0
EDE7	2	0
EE2B	2	0
EE44	2	0
EE7A	2	0
EE8C	2	0
EEA6	2	0
EEAD	2	0
EEF0	2	0
EEF2	2	0
EF31	2	0
EF86	2	0
EFE9	2	0
F117	2	0
F137	2	0
F2C9	2	0
F353	2	0
F38E	2	0
F3A4	2	0
F42E	2	0
F437	2	0
F441	2	0
F469	2	0
F48C	2	0
F532	2	0
F547	2	0
F5BE	2	0
F5D3	2	0
F61F	2	0
F664	2	0
F682	2	0
F6F4	2	0
F711	2	0
F736	2	0
F82C	2	0
F85D	2	0
F91E	2	0
F978	2	0
FA56	2	0
FA87	2	0
FB01	2	0
FB05	2	0
FB3B	2	0
FC1A	2	0
FC4E	2	0
FC5B	2	0
FCA7	2	0
FCB3	2	0
FCDC	2	0
FD05	2	0
FDED	2	0
FE29	2	0
FECC	2	0
FF1E	2	0
FF60	2	0
CF3F	1	133
D775	1	61
A14B	1	57
EC3B	1	38
F9F0	1	38
F8D0	1	37
EEEF	1	33
AAD8	1	25
F515	1	17
D149	1	12
E819	1	11
BE86	1	10
DFBE	1	10
A7C9	1	8
C433	1	7
B32E	1	6
BC56	1	6
A7D0	1	5
AB0F	1	5
C553	1	5
F47D	1	5
F832	1	5
F9BF	1	5
A8B1	1	4
C4FA	1	4
CC1F	1	4
DFAD	1	4
EAF4	1	4
EDC4	1	4
F9E1	1	4
FEEC	1	4
A0B6	1	3
A749	1	3
A7CD	1	3
AFA6	1	3
B91B	1	3
BE80	1	3
BF4B	1	3
C3C3	1	3
CA8E	1	3
CAAE	1	3
CCA6	1	3
E4A7	1	3
E6F9	1	3
E7CD	1	3
ECEF	1	3
ED0F	1	3
F7E9	1	3
F8A1	1	3
FC07	1	3
FCE9	1	3
FF21	1	3
A109	1	2
A1A1	1	2
A1CC	1	2
A5D7	1	2
A620	1	2
AB94	1	2
ACB7	1	2
AD04	1	2
AFBD	1	2
B12F	1	2
B46A	1	2
B4F7	1	2
B6EF	1	2
B745	1	2
B953	1	2
B97B	1	2
BE1A	1	2
C0C4	1	2
C0F1	1	2
C1D9	1	2
C27D	1	2
C4E3	1	2
C581	1	2
C788	1	2
C939	1	2
CC4B	1	2
CF1C	1	2
D1EF	1	2
D2FB	1	2
D4C9	1	2
D7F5	1	2
D8E9	1	2
DA07	1	2
DCB9	1	2
DCC4	1	2
DDFC	1	2
DE82	1	2
DF0E	1	2
E12F	1	2
E68D	1	2
E69F	1	2
E8B8	1	2
EC6D	1	2
EEEB	1	2
EF81	1	2
F58F	1	2
F65A	1	2
F695	1	2
F797	1	2
FC47	1	2
FD63	1	2
FFF2	1	2
A06B	1	1
A1B6	1	1
A1C9	1	1
A287	1	1
A31F	1	1
A4CB	1	1
A5B5	1	1
A80D	1	1
A90A	1	1
A941	1	1
A9BA	1	1
A9D0	1	1
AA0C	1	1
AA3D	1	1
AC70	1	1
AD1E	1	1
AE57	1	1
AE6E	1	1
AF7C	1	1
B1EB	1	1
B2AD	1	1
B2D2	1	1
B374	1	1
B4AA	1	1
B532	1	1
B53E	1	1
B568	1	1
B5DD	1	1
B62E	1	1
B65B	1	1
B683	1	1
B6E4	1	1
B8DD	1	1
B8F5	1	1
B9BB	1	1
B9D1	1	1
BA03	1	1
BA6E	1	1
BB3D	1	1
BB44	1	1
BBF7	1	1
BC18	1	1
BCBA	1	1
BCC4	1	1
BDED	1	1
BE3F	1	1
BF22	1	1
C241	1	1
C276	1	1
C2BD	1	1
C30D	1	1
C3AF	1	1
C63E	1	1
C655	1	1
C675	1	1
C6DB	1	1
C8DD	1	1
C979	1	1
CA99	1	1
CA9A	1	1
CAE1	1	1
CB03	1	1
CC4D	1	1
CCB0	1	1
CCED	1	1
CCFA	1	1
CDFB	1	1
CE07	1	1
CE35	1	1
D16D	1	1
D19A	1	1
D1C6	1	1
D1EE	1	1
D268	1	1
D2AC	1	1
D2D7	1	1
D2DA	1	1
D331	1	1
D341	1	1
D374	1	1
D37B	1	1
D40A	1	1
D455	1	1
D4B9	1	1
D4FE	1	1
D62D	1	1
D680	1	1
D6E9	1	1
D8E6	1	1
D92C	1	1
D9A1	1	1
DB92	1	1
DCA1	1	1
DCDB	1	1
DCF1	1	1
DD87	1	1
DDB0	1	1
DDD1	1	1
DF10	1	1
DF2A	1	1
E0FE	1	1
E132	1	1
E193	1	1
E1E0	1	1
E29C	1	1
E2DC	1	1
E3C8	1	1
E431	1	1
E481	1	1
E54F	1	1
E5E0	1	1
E615	1	1
E69D	1	1
E6CB	1	1
E72D	1	1
E7CA	1	1
E7CF	1	1
E95B	1	1
E995	1	1
EA6B	1	1
ECA3	1	1
ED5E	1	1
ED8F	1	1
EDAA	1	1
EE1C	1	1
EEC7	1	1
EF4A	1	1
EFB7	1	1
EFD9	1	1
EFEC	1	1
F0A8	1	1
F15C	1	1
F28F	1	1
F317	1	1
F59C	1	1
F68E	1	1
F7A3	1	1
F7A5	1	1
F7FA	1	1
F81F	1	1
F84A	1	1
F850	1	1
F92D	1	1
F964	1	1
FAB4	1	1
FB9B	1	1
FC04	1	1
FCD8	1	1
FD27	1	1
FD3E	1	1
FD57	1	1
FE22	1	1
FE4F	1	1
FEA9	1	1
FF30	1	1
FF9F	1	1
A069	1	0
A092	1	0
A097	1	0
A0AA	1	0
A0AB	1	0
A0B2	1	0
A0CF	1	0
A0DB	1	0
A102	1	0
A103	1	0
A111	1	0
A13A	1	0
A14A	1	0
A16C	1	0
A17D	1	0
A19C	1	0
A1AE	1	0
A1D5	1	0
A251	1	0
A262	1	0
A274	1	0
A2A3	1	0
A2E3	1	0
A2E8	1	0
A306	1	0
A308	1	0
A35E	1	0
A369	1	0
A370	1	0
A389	1	0
A3B6	1	0
A3B7	1	0
A410	1	0
A412	1	0
A48B	1	0
A492	1	0
A4BF	1	0
A4D5	1	0
A4EB	1	0
A4F7	1	0
A593	1	0
A601	1	0
A61D	1	0
A63B	1	0
A64B	1	0
A656	1	0
A675	1	0
A689	1	0
A68D	1	0
A6C8	1	0
A6CB	1	0
A6E1	1	0
A6E8	1	0
A6FE	1	0
A717	1	0
A734	1	0
A73B	1	0
A74A	1	0
A7D6	1	0
A7F5	1	0
A7F7	1	0
A815	1	0
A835	1	0
A857	1	0
A860	1	0
A873	1	0
A883	1	0
A888	1	0
A8A2	1	0
A8AF	1	0
A8B7	1	0
A8DC	1	0
A8F2	1	0
A928	1	0
A938	1	0
A979	1	0
A98C	1	0
A9B3	1	0
A9CA	1	0
A9F3	1	0
A9F4	1	0
AA14	1	0
AA17	1	0
AA20	1	0
AA65	1	0
AA9A	1	0
AABC	1	0
AAD0	1	0
AAD5	1	0
AAEA	1	0
AAF1	1	0
AAF2	1	0
AB0A	1	0
AB31	1	0
AB44	1	0
AB4D	1	0
AB6E	1	0
AB8B	1	0
AB95	1	0
AB99	1	0
ABC2	1	0
AC28	1	0
AC32	1	0
AC41	1	0
AC54	1	0
AC7B	1	0
AC98	1	0
ACBC	1	0
ACF3	1	0
AD43	1	0
AD4D	1	0
AD59	1	0
AD5A	1	0
AD66	1	0
AD6B	1	0
AD76	1	0
ADA6	1	0
ADB3	1	0
AE08	1	0
AE28	1	0
AE7D	1	0
AE81	1	0
AED7	1	0
AEEB	1	0
AF0F	1	0
AF15	1	0
AF16	1	0
AF29	1	0
AF30	1	0
AF40	1	0
AF43	1	0
AF8E	1	0
AFD2	1	0
AFDE	1	0
B013	1	0
B015	1	0
B030	1	0
B06A	1	0
B071	1	0
B092	1	0
B0BD	1	0
B0ED	1	0
B112	1	0
B11F	1	0
B133	1	0
B146	1	0
B15A	1	0
B1B8	1	0
B1CD	1	0
B1DD	1	0
B1E1	1	0
B1FE	1	0
B253	1	0
B278	1	0
B27D	1	0
B298	1	0
B2CB	1	0
B2E6	1	0
B308	1	0
B30B	1	0
B319	1	0
B329	1	0
B333	1	0
B35E	1	0
B38A	1	0
B395	1	0
B3AD	1	0
B3C4	1	0
B3CD	1	0
B3D9	1	0
B408	1	0
B41E	1	0
B42A	1	0
B458	1	0
B45F	1	0
B476	1	0
B47A	1	0
B482	1	0
B4BF	1	0
B4EB	1	0
B517	1	0
B521	1	0
B538	1	0
B540	1	0
B54F	1	0
B5A8	1	0
B5AB	1	0
B5D1	1	0
B5FA	1	0
B5FB	1	0
B611	1	0
B635	1	0
B660	1	0
B6A2	1	0
B6A3	1	0
B6A4	1	0
B733	1	0
B769	1	0
B76D	1	0
B76F	1	0
B777	1	0
B790	1	0
B7B8	1	0
B7BD	1	0
B7E9	1	0
B7F8	1	0
B80F	1	0
B815	1	0
B829	1	0
B83D	1	0
B844	1	0
B861	1	0
B8AF	1	0
B8B8	1	0
B8C7	1	0
B8C9	1	0
B8D8	1	0
B8DC	1	0
B8FB	1	0
B91C	1	0
B949	1	0
B98D	1	0
B99E	1	0
B9A8	1	0
B9B2	1	0
B9C2	1	0
BA02	1	0
BA4C	1	0
BA52	1	0
BA54	1	0
BA64	1	0
BA77	1	0
BA89	1	0
BA9E	1	0
BAC9	1	0
BAD3	1	0
BB17	1	0
BB51	1	0
BB63	1	0
BB8E	1	0
BBA7	1	0
BBA9	1	0
BBC3	1	0
BBC5	1	0
BBFB	1	0
BC85	1	0
BC8B	1	0
BCC0	1	0
BCFA	1	0
BD47	1	0
BD5E	1	0
BD78	1	0
BDA2	1	0
BDA7	1	0
BDD5	1	0
BE10	1	0
BE1B	1	0
BE60	1	0
BEB2	1	0
BEB7	1	0
BEBF	1	0
BEF3	1	0
BF98	1	0
BFA9	1	0
BFC0	1	0
BFC9	1	0
BFF6	1	0
C02D	1	0
C03F	1	0
C078	1	0
C089	1	0
C098	1	0
C0A4	1	0
C0BF	1	0
C0C3	1	0
C0D9	1	0
C118	1	0
C124	1	0
C17B	1	0
C17C	1	0
C194	1	0
C1B7	1	0
C1BC	1	0
C258	1	0
C25C	1	0
C295	1	0
C29F	1	0
C2BC	1	0
C2D5	1	0
C2D6	1	0
C30A	1	0
C31B	1	0
C332	1	0
C334	1	0
C35D	1	0
C369	1	0
C36C	1	0
C37D	1	0
C381	1	0
C382	1	0
C387	1	0
C3A5	1	0
C3AA	1	0
C3AC	1	0
C41C	1	0
C425	1	0
C445	1	0
C44F	1	0
C463	1	0
C489	1	0
C4BA	1	0
C4C9	1	0
C4EF	1	0
C535	1	0
C5D6	1	0
C5F0	1	0
C5FE	1	0
C604	1	0
C623	1	0
C625	1	0
C64C	1	0
C660	1	0
C666	1	0
C667	1	0
C6A2	1	0
C6B4	1	0
C6BB	1	0
C6C4	1	0
C6EC	1	0
C6EF	1	0
C72E	1	0
C75A	1	0
C762	1	0
C77D	1	0
C78E	1	0
C791	1	0
C79B	1	0
C7A3	1	0
C7C6	1	0
C7DE	1	0
C806	1	0
C825	1	0
C85E	1	0
C863	1	0
C86B	1	0
C87D	1	0
C882	1	0
C888	1	0
C899	1	0
C8BA	1	0
C8C7	1	0
C8C9	1	0
C8EC	1	0
C8FC	1	0
C947	1	0
C963	1	0
C96F	1	0
C992	1	0
C993	1	0
C9A8	1	0
C9E4	1	0
C9EC	1	0
CA3C	1	0
CA59	1	0
CA65	1	0
CA6F	1	0
CA78	1	0
CA86	1	0
CAD0	1	0
CB1A	1	0
CB2E	1	0
CB36	1	0
CB56	1	0
CB5F	1	0
CB64	1	0
CB80	1	0
CB96	1	0
CBA5	1	0
CBF4	1	0
CC08	1	0
CC3D	1	0
CC47	1	0
CC6B	1	0
CC7F	1	0
CC90	1	0
CC93	1	0
CCAA	1	0
CCDA	1	0
CCDE	1	0
CCF7	1	0
CD28	1	0
CD2E	1	0
CD74	1	0
CDAE	1	0
CDB0	1	0
CDB6	1	0
CDF0	1	0
CE12	1	0
CE25	1	0
CE4D	1	0
CE6B	1	0
CE7F	1	0
CE82	1	0
CE92	1	0
CEF5	1	0
CF0F	1	0
CF29	1	0
CF34	1	0
CF3D	1	0
CF60	1	0
CF6F	1	0
CF72	1	0
CF9E	1	0
CFB9	1	0
CFCA	1	0
CFFB	1	0
D02B	1	0
D03F	1	0
D052	1	0
D053	1	0
D097	1	0
D0AE	1	0
D0E9	1	0
D0ED	1	0
D10D	1	0
D114	1	0
D127	1	0
D12E	1	0
D153	1	0
D16B	1	0
D173	1	0
D1D2	1	0
D1DB	1	0
D1FB	1	0
D205	1	0
D225	1	0
D230	1	0
D23A	1	0
D26B	1	0
D278	1	0
D2CB	1	0
D2E2	1	0
D310	1	0
D312	1	0
D32E	1	0
D35F	1	0
D362	1	0
D388	1	0
D398	1	0
D3F3	1	0
D3F7	1	0
D3FE	1	0
D3FF	1	0
D40F	1	0
D462	1	0
D485	1	0
D48A	1	0
D48E	1	0
D495	1	0
D49C	1	0
D4AA	1	0
D4C5	1	0
D4EB	1	0
D529	1	0
D53C	1	0
D558	1	0
D561	1	0
D57C	1	0
D588	1	0
D5AA	1	0
D63A	1	0
D644	1	0
D6B0	1	0
D6B7	1	0
D6E1	1	0
D6F0	1	0
D71F	1	0
D73C	1	0
D777	1	0
D77C	1	0
D78B	1	0
D7A7	1	0
D7E7	1	0
D805	1	0
D81B	1	0
D82C	1	0
D838	1	0
D85E	1	0
D87D	1	0
D8CF	1	0
D8D5	1	0
D8EE	1	0
D8F1	1	0
D918	1	0
D949	1	0
D971	1	0
D9B9	1	0
D9DA	1	0
DA13	1	0
DA36	1	0
DA39	1	0
DA3B	1	0
DA50	1	0
DA63	1	0
DA87	1	0
DAF5	1	0
DAFC	1	0
DB07	1	0
DB08	1	0
DB17	1	0
DB32	1	0
DB37	1	0
DB3E	1	0
DB53	1	0
DB63	1	0
DC1E	1	0
DC2B	1	0
DC44	1	0
DC58	1	0
DC67	1	0
DD19	1	0
DD20	1	0
DD4B	1	0
DD7B	1	0
DD9B	1	0
DDA0	1	0
DDA1	1	0
DDC6	1	0
DE10	1	0
DE1E	1	0
DE27	1	0
DE37	1	0
DE3C	1	0
DE5B	1	0
DE97	1	0
DEC2	1	0
DEF2	1	0
DF33	1	0
DF41	1	0
DF44	1	0
DF6D	1	0
DF77	1	0
DFA2	1	0
DFD6	1	0
DFEC	1	0
DFFE	1	0
E00E	1	0
E018	1	0
E026	1	0
E097	1	0
E0A8	1	0
E0AE	1	0
E0F6	1	0
E101	1	0
E107	1	0
E120	1	0
E123	1	0
E154	1	0
E166	1	0
E171	1	0
E1A0	1	0
E1AF	1	0
E1C8	1	0
E1CB	1	0
E1D1	1	0
E1D8	1	0
E1ED	1	0
E1FD	1	0
E231	1	0
E238	1	0
E240	1	0
E24B	1	0
E255	1	0
E276	1	0
E27D	1	0
E288	1	0
E2A6	1	0
E2AA	1	0
E2AC	1	0
E2C3	1	0
E2C7	1	0
E2F6	1	0
E302	1	0
E325	1	0
E333	1	0
E35E	1	0
E360	1	0
E372	1	0
E37E	1	0
E380	1	0
E3A6	1	0
E3CD	1	0
E3D2	1	0
E41E	1	0
E42A	1	0
E43E	1	0
E499	1	0
E49B	1	0
E4B8	1	0
E4E5	1	0
E4F3	1	0
E502	1	0
E51E	1	0
E54E	1	0
E55B	1	0
E573	1	0
E5AC	1	0
E5B1	1	0
E5B7	1	0
E5E6	1	0
E641	1	0
E683	1	0
E698	1	0
E6B6	1	0
E6C3	1	0
E6C5	1	0
E729	1	0
E72F	1	0
E735	1	0
E753	1	0
E767	1	0
E769	1	0
E78E	1	0
E79E	1	0
E7A1	1	0
E7E1	1	0
E7ED	1	0
E7F6	1	0
E800	1	0
E81D	1	0
E838	1	0
E859	1	0
E85B	1	0
E85E	1	0
E86E	1	0
E874	1	0
E887	1	0
E89C	1	0
E8CB	1	0
E8D2	1	0
E8E1	1	0
E8E3	1	0
E975	1	0
E9C2	1	0
E9E8	1	0
E9F2	1	0
E9FD	1	0
EA69	1	0
EA6D	1	0
EA80	1	0
EA83	1	0
EA90	1	0
EA95	1	0
EADF	1	0
EAFC	1	0
EB1E	1	0
EB2C	1	0
EB3C	1	0
EB5E	1	0
EB62	1	0
EB74	1	0
EBBB	1	0
EBBC	1	0
EBC4	1	0
EBCA	1	0
EBDA	1	0
EBE6	1	0
EC0B	1	0
EC2E	1	0
EC33	1	0
EC80	1	0
ED3B	1	0
EDC0	1	0
EDCB	1	0
EE0A	1	0
EE0B	1	0
EE71	1	0
EE92	1	0
EE95	1	0
EF16	1	0
EF24	1	0
EF2D	1	0
EF2F	1	0
EF63	1	0
EF7B	1	0
EFDF	1	0
EFF8	1	0
EFFD	1	0
F00F	1	0
F01E	1	0
F048	1	0
F052	1	0
F056	1	0
F058	1	0
F05A	1	0
F060	1	0
F061	1	0
F085	1	0
F0F8	1	0
F17F	1	0
F187	1	0
F18A	1	0
F1A2	1	0
F1BE	1	0
F1C3	1	0
F1DA	1	0
F22A	1	0
F24B	1	0
F252	1	0
F259	1	0
F278	1	0
F2D7	1	0
F307	1	0
F30A	1	0
F311	1	0
F324	1	0
F331	1	0
F348	1	0
F34E	1	0
F364	1	0
F390	1	0
F398	1	0
F39E	1	0
F3D9	1	0
F409	1	0
F40E	1	0
F40F	1	0
F410	1	0
F434	1	0
F449	1	0
F463	1	0
F4BA	1	0
F4CF	1	0
F50E	1	0
F514	1	0
F550	1	0
F557	1	0
F56C	1	0
F5AE	1	0
F5CD	1	0
F5EA	1	0
F5FE	1	0
F60B	1	0
F630	1	0
F65F	1	0
F663	1	0
F671	1	0
F67A	1	0
F6A0	1	0
F6DC	1	0
F6F9	1	0
F6FC	1	0
F706	1	0
F70C	1	0
F71D	1	0
F731	1	0
F75D	1	0
F76D	1	0
F76E	1	0
F7AB	1	0
F7B9	1	0
F7E1	1	0
F7F1	1	0
F7FC	1	0
F803	1	0
F819	1	0
F821	1	0
F833	1	0
F834	1	0
F83A	1	0
F87B	1	0
F8A6	1	0
F8B9	1	0
F8D8	1	0
F8DE	1	0
F8E3	1	0
F8EA	1	0
F8F4	1	0
F93D	1	0
F96A	1	0
F970	1	0
F9A7	1	0
F9CF	1	0
F9F3	1	0
FA10	1	0
FA41	1	0
FA44	1	0
FA5B	1	0
FA7D	1	0
FA8E	1	0
FAC9	1	0
FAD5	1	0
FAFF	1	0
FB0C	1	0
FB16	1	0
FB2F	1	0
FB38	1	0
FB54	1	0
FB61	1	0
FB75	1	0
FB8E	1	0
FBA4	1	0
FBB1	1	0
FBC0	1	0
FBC7	1	0
FBF1	1	0
FC22	1	0
FC29	1	0
FC58	1	0
FC72	1	0
FC75	1	0
FC8D	1	0
FCC0	1	0
FCCA	1	0
FCCB	1	0
FCF2	1	0
FD14	1	0
FD1F	1	0
FD37	1	0
FD46	1	0
FD58	1	0
FD5B	1	0
FE25	1	0
FE44	1	0
FE49	1	0
FE4D	1	0
FE67	1	0
FE72	1	0
FE88	1	0
FE9F	1	0
FEA0	1	0
FEA8	1	0
FF5E	1	0
FF67	1	0
FF68	1	0
FF6E	1	0
FF9A	1	0
FFA8	1	0
FFAD	1	0
FFB5	1	0
FFC3	1	0
FFDF	1	0
FFF4	1	0
C23D	0	251
C874	0	119
E796	0	118
D28B	0	82
F2B9	0	73
B5FE	0	38
A268	0	37
D3B9	0	24
A6C4	0	19
AEE4	0	18
B57B	0	18
B4A6	0	16
FD1D	0	16
D54D	0	13
BE12	0	11
BF19	0	10
C4EA	0	10
C58C	0	10
C8A2	0	9
CF2F	0	9
E967	0	9
F651	0	9
FC91	0	9
C250	0	8
A2DF	0	7
AF22	0	7
CE5F	0	7
D1C3	0	7
EF13	0	7
F199	0	7
FFD3	0	7
A513	0	6
A777	0	6
AACD	0	6
BD07	0	6
BFB5	0	6
D14C	0	6
DD33	0	6
A205	0	5
B528	0	5
BB53	0	5
BE5A	0	5
C809	0	5
CD5F	0	5
D019	0	5
F830	0	5
FD00	0	5
A0AC	0	4
A4C5	0	4
AFED	0	4
B811	0	4
BA8D	0	4
BC62	0	4
BCC1	0	4
C1FE	0	4
CACC	0	4
D167	0	4
D336	0	4
D432	0	4
D688	0	4
E2E6	0	4
E79D	0	4
F94D	0	4
FE75	0	4
FE9A	0	4
A01B	0	3
A2EA	0	3
A3F9	0	3
A5C5	0	3
A906	0	3
AABB	0	3
AADE	0	3
AD47	0	3
B3B1	0	3
B674	0	3
B955	0	3
BA05	0	3
BD9D	0	3
BEE1	0	3
BFB2	0	3
C1B9	0	3
C2E8	0	3
C676	0	3
C68C	0	3
C73D	0	3
C81B	0	3
CAC1	0	3
CB70	0	3
CE67	0	3
CF88	0	3
D3DC	0	3
D905	0	3
D9C1	0	3
DCFB	0	3
DF15	0	3
E232	0	3
E605	0	3
EA07	0	3
EB78	0	3
ED69	0	3
EE07	0	3
F05D	0	3
F174	0	3
F1C9	0	3
F335	0	3
F3FC	0	3
FA28	0	3
FBA8	0	3
FC6F	0	3
FF73	0	3
A034	0	2
A12F	0	2
A146	0	2
A155	0	2
A15B	0	2
A182	0	2
A229	0	2
A2CF	0	2
A396	0	2
A423	0	2
A43E	0	2
A52F	0	2
A684	0	2
A723	0	2
A769	0	2
A7B8	0	2
A838	0	2
AB32	0	2
ABDB	0	2
AC17	0	2
AC52	0	2
ADCE	0	2
ADF5	0	2
AEA9	0	2
B0C8	0	2
B120	0	2
B256	0	2
B2A5	0	2
B3F3	0	2
B46F	0	2
B4F8	0	2
B597	0	2
B5F9	0	2
B607	0	2
B650	0	2
B7B5	0	2
B7C0	0	2
B8A5	0	2
B8BE	0	2
BB0D	0	2
BB82	0	2
BC42	0	2
BC5B	0	2
BC5E	0	2
BD34	0	2
BD8C	0	2
BDCF	0	2
BDFB	0	2
BF64	0	2
C35A	0	2
C4B9	0	2
C4BF	0	2
C524	0	2
C9BD	0	2
CA01	0	2
CAEB	0	2
CB43	0	2
CB50	0	2
CBA8	0	2
CC5F	0	2
CC8D	0	2
CD97	0	2
CDAD	0	2
CE4A	0	2
CE97	0	2
CF4E	0	2
D018	0	2
D290	0	2
D330	0	2
D4DE	0	2
D528	0	2
D580	0	2
D634	0	2
D8F3	0	2
D91F	0	2
D9FF	0	2
DA1A	0	2
DB66	0	2
DC2E	0	2
DC93	0	2
DC98	0	2
DD44	0	2
DDBA	0	2
DE11	0	2
DE26	0	2
E14F	0	2
E1F1	0	2
E2B3	0	2
E43D	0	2
E4B5	0	2
E5C7	0	2
E6FC	0	2
E70F	0	2
E9BA	0	2
EA5A	0	2
EA88	0	2
EAA2	0	2
EAC7	0	2
EB8F	0	2
EC81	0	2
ECB6	0	2
EE4A	0	2
F05B	0	2
F0AC	0	2
F0D4	0	2
F1A1	0	2
F4F5	0	2
F50D	0	2
F713	0	2
F880	0	2
F943	0	2
F9ED	0	2
FAA7	0	2
FB2A	0	2
FBBF	0	2
FE38	0	2
A00E	0	1
A022	0	1
A059	0	1
A0D2	0	1
A163	0	1
A17C	0	1
A18D	0	1
A1AA	0	1
A1E7	0	1
A209	0	1
A258	0	1
A2D8	0	1
A2DD	0	1
A315	0	1
A316	0	1
A321	0	1
A35C	0	1
A37F	0	1
A39E	0	1
A3A0	0	1
A3A1	0	1
A3A9	0	1
A3B4	0	1
A3D9	0	1
A3E4	0	1
A3FF	0	1
A402	0	1
A404	0	1
A416	0	1
A418	0	1
A438	0	1
A443	0	1
A44B	0	1
A45E	0	1
A4B3	0	1
A4DD	0	1
A4E4	0	1
A59A	0	1
A59B	0	1
A59C	0	1
A5B2	0	1
A5C9	0	1
A5CB	0	1
A5D2	0	1
A603	0	1
A60F	0	1
A628	0	1
A657	0	1
A65B	0	1
A663	0	1
A697	0	1
A763	0	1
A787	0	1
A78F	0	1
A7AA	0	1
A7E7	0	1
A7FA	0	1
A80C	0	1
A811	0	1
A821	0	1
A825	0	1
A856	0	1
A88F	0	1
A896	0	1
A8E0	0	1
A8EF	0	1
A919	0	1
A96A	0	1
A974	0	1
A9A9	0	1
A9B1	0	1
A9CD	0	1
AA47	0	1
AA5C	0	1
AA5E	0	1
AA74	0	1
AA8D	0	1
AA97	0	1
AAB8	0	1
AB12	0	1
AB17	0	1
AB1E	0	1
AB3E	0	1
AB42	0	1
AB6D	0	1
AB84	0	1
ABC9	0	1
ABD4	0	1
ABD8	0	1
AC18	0	1
AC43	0	1
AC61	0	1
AC6B	0	1
AC77	0	1
ACC6	0	1
ACC7	0	1
ACC9	0	1
ACDE	0	1
ACF9	0	1
ACFD	0	1
AD01	0	1
AD19	0	1
AD32	0	1
AD33	0	1
AD39	0	1
AD46	0	1
AD4E	0	1
AD77	0	1
ADA5	0	1
ADD8	0	1
ADDD	0	1
AE0D	0	1
AE43	0	1
AE4F	0	1
AE77	0	1
AE7F	0	1
AEE5	0	1
AEE7	0	1
AF1B	0	1
AF2E	0	1
AF34	0	1
AFA0	0	1
AFB9	0	1
AFFD	0	1
B000	0	1
B063	0	1
B0A0	0	1
B0B2	0	1
B0E5	0	1
B0FE	0	1
B121	0	1
B141	0	1
B1A5	0	1
B1E8	0	1
B1F0	0	1
B1F7	0	1
B20B	0	1
B20D	0	1
B238	0	1
B252	0	1
B270	0	1
B28A	0	1
B327	0	1
B335	0	1
B34A	0	1
B383	0	1
B483	0	1
B4A7	0	1
B501	0	1
B502	0	1
B50A	0	1
B520	0	1
B553	0	1
B555	0	1
B5A7	0	1
B5D2	0	1
B5D3	0	1
B5DB	0	1
B629	0	1
B65C	0	1
B673	0	1
B6B4	0	1
B6D6	0	1
B6F0	0	1
B708	0	1
B725	0	1
B727	0	1
B72C	0	1
B72E	0	1
B73C	0	1
B788	0	1
B793	0	1
B794	0	1
B79A	0	1
B7CE	0	1
B7DD	0	1
B7DF	0	1
B817	0	1
B836	0	1
B841	0	1
B85F	0	1
B887	0	1
B89B	0	1
B8A0	0	1
B8E3	0	1
B905	0	1
B90C	0	1
B90F	0	1
B937	0	1
B97F	0	1
B9C1	0	1
BA10	0	1
BA35	0	1
BA50	0	1
BAAF	0	1
BAEC	0	1
BB2F	0	1
BB31	0	1
BB47	0	1
BB4C	0	1
BB65	0	1
BB85	0	1
BB93	0	1
BBBB	0	1
BBD3	0	1
BBE1	0	1
BC02	0	1
BC1C	0	1
BC22	0	1
BC81	0	1
BC84	0	1
BC95	0	1
BC97	0	1
BCCD	0	1
BCE6	0	1
BD25	0	1
BD75	0	1
BD85	0	1
BD86	0	1
BD90	0	1
BD9A	0	1
BDAA	0	1
BDC3	0	1
BE0E	0	1
BE26	0	1
BE3E	0	1
BE54	0	1
BE64	0	1
BE94	0	1
BE9B	0	1
BEC8	0	1
BF44	0	1
BF5E	0	1
BF70	0	1
BF71	0	1
BF7D	0	1
BF85	0	1
BF8E	0	1
BF96	0	1
BFA4	0	1
BFC7	0	1
BFDF	0	1
BFE9	0	1
C058	0	1
C06B	0	1
C06C	0	1
C08E	0	1
C0E2	0	1
C0E4	0	1
C115	0	1
C11B	0	1
C11F	0	1
C12C	0	1
C12F	0	1
C13A	0	1
C15B	0	1
C171	0	1
C172	0	1
C182	0	1
C185	0	1
C188	0	1
C1EE	0	1
C20D	0	1
C222	0	1
C228	0	1
C242	0	1
C24E	0	1
C266	0	1
C28A	0	1
C2EA	0	1
C302	0	1
C399	0	1
C3A3	0	1
C3BC	0	1
C403	0	1
C41A	0	1
C44D	0	1
C452	0	1
C484	0	1
C493	0	1
C497	0	1
C4A0	0	1
C4B3	0	1
C4C2	0	1
C4CC	0	1
C4F0	0	1
C534	0	1
C573	0	1
C607	0	1
C618	0	1
C638	0	1
C647	0	1
C671	0	1
C684	0	1
C68B	0	1
C6A7	0	1
C6D1	0	1
C70E	0	1
C713	0	1
C71C	0	1
C727	0	1
C73C	0	1
C82F	0	1
C83B	0	1
C84A	0	1
C8D0	0	1
C8E2	0	1
C909	0	1
C90D	0	1
C929	0	1
C943	0	1
C964	0	1
C9AB	0	1
C9FE	0	1
CA56	0	1
CA83	0	1
CAC0	0	1
CAE3	0	1
CB0D	0	1
CB53	0	1
CB7E	0	1
CB82	0	1
CB97	0	1
CBD3	0	1
CC78	0	1
CC7D	0	1
CC94	0	1
CCA1	0	1
CCD1	0	1
CCE0	0	1
CD20	0	1
CD5D	0	1
CD75	0	1
CD7E	0	1
CD8F	0	1
CD91	0	1
CDA0	0	1
CDF8	0	1
CE19	0	1
CE2F	0	1
CE42	0	1
CE45	0	1
CE4B	0	1
CE6E	0	1
CE8B	0	1
CE8D	0	1
CE93	0	1
CEA5	0	1
CEFA	0	1
CF14	0	1
CF16	0	1
CF9F	0	1
CFAC	0	1
CFB2	0	1
CFB4	0	1
CFE9	0	1
CFF7	0	1
D00A	0	1
D01A	0	1
D085	0	1
D0B4	0	1
D0CF	0	1
D0D0	0	1
D105	0	1
D174	0	1
D1A7	0	1
D222	0	1
D232	0	1
D235	0	1
D239	0	1
D23E	0	1
D241	0	1
D24C	0	1
D26D	0	1
D293	0	1
D2A5	0	1
D2BF	0	1
D2D0	0	1
D2E5	0	1
D2F6	0	1
D30F	0	1
D364	0	1
D375	0	1
D3A0	0	1
D3A9	0	1
D3C7	0	1
D3D3	0	1
D422	0	1
D435	0	1
D458	0	1
D46D	0	1
D479	0	1
D4F9	0	1
D542	0	1
D56D	0	1
D58C	0	1
D5A6	0	1
D5E1	0	1
D637	0	1
D63F	0	1
D666	0	1
D6AC	0	1
D6B2	0	1
D6B5	0	1
D6B9	0	1
D6D8	0	1
D6F8	0	1
D72D	0	1
D759	0	1
D7A0	0	1
D7BE	0	1
D7F3	0	1
D823	0	1
D82A	0	1
D832	0	1
D8D8	0	1
D8DC	0	1
D8DD	0	1
D8F5	0	1
D909	0	1
D914	0	1
D91A	0	1
D95D	0	1
D967	0	1
D96E	0	1
D9E8	0	1
DA0E	0	1
DA21	0	1
DA4B	0	1
DA4E	0	1
DA8B	0	1
DA95	0	1
DA9C	0	1
DAE7	0	1
DB1F	0	1
DB3B	0	1
DB64	0	1
DB6A	0	1
DB75	0	1
DBA1	0	1
DBF5	0	1
DC13	0	1
DC1A	0	1
DC3F	0	1
DC57	0	1
DCA5	0	1
DCBA	0	1
DCEA	0	1
DCEF	0	1
DCF6	0	1
DD14	0	1
DD28	0	1
DD41	0	1
DD59	0	1
DD5F	0	1
DD62	0	1
DD73	0	1
DD78	0	1
DD99	0	1
DDB5	0	1
DDC4	0	1
DDC8	0	1
DDDD	0	1
DDEB	0	1
DE2B	0	1
DE45	0	1
DE4A	0	1
DE4E	0	1
DE55	0	1
DE87	0	1
DEAA	0	1
DEAE	0	1
DED1	0	1
DF06	0	1
DF21	0	1
DF68	0	1
DFB8	0	1
DFCA	0	1
DFEF	0	1
E031	0	1
E05E	0	1
E083	0	1
E085	0	1
E0E5	0	1
E0F0	0	1
E102	0	1
E146	0	1
E196	0	1
E1A1	0	1
E1C6	0	1
E1E2	0	1
E249	0	1
E26E	0	1
E27E	0	1
E27F	0	1
E285	0	1
E29F	0	1
E2BA	0	1
E2F4	0	1
E2FC	0	1
E31C	0	1
E346	0	1
E370	0	1
E3B5	0	1
E3DC	0	1
E3EB	0	1
E408	0	1
E444	0	1
E463	0	1
E46D	0	1
E4D3	0	1
E4DB	0	1
E52C	0	1
E535	0	1
E585	0	1
E5B6	0	1
E5C0	0	1
E5C8	0	1
E5D2	0	1
E5E5	0	1
E60E	0	1
E617	0	1
E636	0	1
E67C	0	1
E693	0	1
E6C0	0	1
E6CF	0	1
E6E7	0	1
E704	0	1
E719	0	1
E739	0	1
E73F	0	1
E75E	0	1
E7E0	0	1
E801	0	1
E835	0	1
E856	0	1
E85F	0	1
E86C	0	1
E899	0	1
E8AA	0	1
E8E6	0	1
E906	0	1
E91B	0	1
E929	0	1
E977	0	1
E99A	0	1
E9C1	0	1
E9C5	0	1
E9E3	0	1
EA14	0	1
EA4F	0	1
EA65	0	1
EA6F	0	1
EA70	0	1
EA8A	0	1
EAB7	0	1
EAEF	0	1
EB2E	0	1
EB64	0	1
EB83	0	1
EBC0	0	1
EBD7	0	1
EC03	0	1
EC1D	0	1
EC3D	0	1
EC41	0	1
EC54	0	1
ECF5	0	1
ED05	0	1
ED2B	0	1
ED61	0	1
ED73	0	1
ED81	0	1
ED94	0	1
EDE8	0	1
EDFC	0	1
EDFF	0	1
EE80	0	1
EE9E	0	1
EEB9	0	1
EF07	0	1
EF32	0	1
EF3E	0	1
EF4F	0	1
EF58	0	1
EF97	0	1
EF9B	0	1
EFFF	0	1
F02C	0	1
F03E	0	1
F03F	0	1
F047	0	1
F055	0	1
F06B	0	1
F086	0	1
F09A	0	1
F0C5	0	1
F0D5	0	1
F0E2	0	1
F0E6	0	1
F11F	0	1
F132	0	1
F136	0	1
F14F	0	1
F1A4	0	1
F1B4	0	1
F1B6	0	1
F1DD	0	1
F1FC	0	1
F204	0	1
F208	0	1
F25C	0	1
F2B8	0	1
F2C7	0	1
F3D4	0	1
F3DA	0	1
F3DC	0	1
F3EF	0	1
F3F5	0	1
F431	0	1
F475	0	1
F4A4	0	1
F4D1	0	1
F519	0	1
F539	0	1
F564	0	1
F59A	0	1
F5CB	0	1
F636	0	1
F63C	0	1
F6AC	0	1
F6C2	0	1
F732	0	1
F753	0	1
F754	0	1
F7A6	0	1
F7AA	0	1
F7D4	0	1
F7D6	0	1
F7E2	0	1
F812	0	1
F837	0	1
F853	0	1
F88D	0	1
F8B6	0	1
F8D1	0	1
F8D6	0	1
F8F3	0	1
F938	0	1
F9AC	0	1
F9AD	0	1
F9F1	0	1
FA43	0	1
FA59	0	1
FA5F	0	1
FAA1	0	1
FAA4	0	1
FAD8	0	1
FB1B	0	1
FB27	0	1
FB48	0	1
FB59	0	1
FB76	0	1
FB96	0	1
FBBB	0	1
FBC9	0	1
FBE3	0	1
FC16	0	1
FC57	0	1
FC92	0	1
FCA2	0	1
FCA9	0	1
FCB0	0	1
FCC3	0	1
FCC4	0	1
FD4F	0	1
FD59	0	1
FD89	0	1
FDBD	0	1
FDCB	0	1
FDEE	0	1
FDF7	0	1
FE18	0	1
FE20	0	1
FE5C	0	1
FE81	0	1
FE8B	0	1
FE94	0	1
FEAD	0	1
FEAE	0	1
FED8	0	1
FEF6	0	1
FF18	0	1
FF55	0	1
FF8B	0	1
FF92	0	1
