ISO_A3	n_users
USA	1904
unreported	1523
GBR	348
CAN	235
AUS	166
SWE	57
NLD	52
NZL	38
DEU	36
NOR	35
DNK	28
IND	25
PHL	23
IRL	23
FIN	22
ZAF	22
BEL	21
UMI	21
BRA	21
ROU	20
ITA	20
PRT	19
ESP	15
POL	15
ATA	14
FRA	14
MEX	12
HRV	12
JPN	11
BGR	11
LTU	10
ISR	9
ARG	9
RUS	9
CZE	9
CHE	9
HUN	8
EST	8
PRI	8
AUT	7
ASM	7
SRB	7
IDN	7
KOR	6
EGY	6
PAK	6
JAM	6
BIH	5
GRC	5
SVK	5
SGP	4
COL	4
LBN	4
DZA	4
SVN	3
IRN	3
CHL	3
UKR	3
CHN	3
DOM	3
ZWE	3
BGD	3
KWT	3
VNM	3
TUR	3
TTO	3
ALB	2
LUX	2
THA	2
MLT	2
HKG	2
MYS	2
GHA	2
LVA	2
ISL	2
ECU	2
GRL	2
ARM	2
SAU	2
ABW	1
CUB	1
KAZ	1
PNG	1
HMD	1
TWN	1
NER	1
MOZ	1
HND	1
CRI	1
NGA	1
OMN	1
ARE	1
FJI	1
URY	1
KNA	1
QAT	1
MTQ	1
MDG	1
MMR	1
UZB	1
CYP	1
MNE	1
AIA	1
SLV	1
KEN	1
AFG	1
ETH	1
JEY	1
PSE	1
NPL	1
GUM	1
ALA	1
GUY	1
GTM	1
MAC	1
YEM	1
LBY	1
PAN	1
VEN	1
JOR	1
AGO	1
GEO	1
MAR	1
VUT	1
